{
    "keep": {
        "days": true,
        "amount": 14
    },
    "auditLog": "D:\\programming hero\\INTERSHIP\\ronjit\\eductaion\\kartick_education_server\\logger\\winston\\successes\\.25266d823c3faf98435256196e047dd5698aba1c-audit.json",
    "files": [
        {
            "date": 1704174890919,
            "name": "D:\\programming hero\\INTERSHIP\\ronjit\\eductaion\\kartick_education_server\\logger\\winston\\successes\\PHU-2024-01-02-11-success.log",
            "hash": "145de06122cf11988c65c72d41fdad9e3084701d0b0f9bdb3f8a68e495821643"
        }
    ],
    "hashType": "sha256"
}