{
    "keep": {
        "days": true,
        "amount": 14
    },
    "auditLog": "D:\\programming hero\\INTERSHIP\\ronjit\\eductaion\\kartick_education_server\\logger\\winston\\successes\\.25266d823c3faf98435256196e047dd5698aba1c-audit.json",
    "files": [
        {
            "date": 1704174890919,
            "name": "D:\\programming hero\\INTERSHIP\\ronjit\\eductaion\\kartick_education_server\\logger\\winston\\successes\\PHU-2024-01-02-11-success.log",
            "hash": "145de06122cf11988c65c72d41fdad9e3084701d0b0f9bdb3f8a68e495821643"
        },
        {
            "date": 1704175472088,
            "name": "D:\\programming hero\\INTERSHIP\\ronjit\\eductaion\\kartick_education_server\\logger\\winston\\successes\\PHU-2024-01-02-12-success.log",
            "hash": "c1aa41f5e5b48569b75e6ac2e3dd0a6850cd2e7651b31222edcd3e1c3e11dc98"
        },
        {
            "date": 1704202965051,
            "name": "D:\\programming hero\\INTERSHIP\\ronjit\\eductaion\\kartick_education_server\\logger\\winston\\successes\\PHU-2024-01-02-19-success.log",
            "hash": "e78b3eee9beda959b69722ee9ad8ba4cd1ed1416e712966f9027a2119ad95c33"
        },
        {
            "date": 1704227860187,
            "name": "D:\\programming hero\\INTERSHIP\\ronjit\\eductaion\\kartick_education_server\\logger\\winston\\successes\\PHU-2024-01-03-02-success.log",
            "hash": "befcf07c99c16c9cd9705301a5548fc6b7383f0e3e6054b9209cfdbf147fdee7"
        },
        {
            "date": 1704282804911,
            "name": "D:\\programming hero\\INTERSHIP\\ronjit\\eductaion\\kartick_education_server\\logger\\winston\\successes\\PHU-2024-01-03-17-success.log",
            "hash": "ecd68f701c16922c49ad69b14fec9220b7bcfdf3090433ca481ca0e2483fde83"
        },
        {
            "date": 1704360629286,
            "name": "D:\\programming hero\\INTERSHIP\\ronjit\\eductaion\\kartick_education_server\\logger\\winston\\successes\\PHU-2024-01-04-15-success.log",
            "hash": "9c06f771438d425e3af3b98d66c8e029b5eabded9c1a4142e667a14824f7b6bf"
        },
        {
            "date": 1704371478077,
            "name": "D:\\programming hero\\INTERSHIP\\ronjit\\eductaion\\kartick_education_server\\logger\\winston\\successes\\PHU-2024-01-04-18-success.log",
            "hash": "165055522a175098369afa02a8f241021731c2b1d89907154668ad9f512eedd4"
        },
        {
            "date": 1704378007185,
            "name": "D:\\programming hero\\INTERSHIP\\ronjit\\eductaion\\kartick_education_server\\logger\\winston\\successes\\PHU-2024-01-04-20-success.log",
            "hash": "323c4ea69cae81ccf6c94b66fe3615bc9b56366d08ed695ef47b5879805b17e3"
        },
        {
            "date": 1704406860432,
            "name": "D:\\programming hero\\INTERSHIP\\ronjit\\eductaion\\kartick_education_server\\logger\\winston\\successes\\PHU-2024-01-05-04-success.log",
            "hash": "8a42b5e19b9ee99db4f5881d5fc6983ed01d6f67da5173a2a160dc1814900b4c"
        },
        {
            "date": 1704409277820,
            "name": "D:\\programming hero\\INTERSHIP\\ronjit\\eductaion\\kartick_education_server\\logger\\winston\\successes\\PHU-2024-01-05-05-success.log",
            "hash": "cda51de7b010d01f62e77cd07618b36c25ef8578a77d214a785812468a8066c9"
        },
        {
            "date": 1704465039406,
            "name": "D:\\programming hero\\INTERSHIP\\ronjit\\eductaion\\kartick_education_server\\logger\\winston\\successes\\PHU-2024-01-05-20-success.log",
            "hash": "03e0d3e1bf158df3e58ad6f313bcbdb06b02e3d32d0fbac0c1a0d72570d5b909"
        },
        {
            "date": 1704467230069,
            "name": "D:\\programming hero\\INTERSHIP\\ronjit\\eductaion\\kartick_education_server\\logger\\winston\\successes\\PHU-2024-01-05-21-success.log",
            "hash": "c6d74fa23e39968bfc395ad8b3886c7553ca36da1a3119a6d03e3bd19e8de0b8"
        },
        {
            "date": 1704472553954,
            "name": "D:\\programming hero\\INTERSHIP\\ronjit\\eductaion\\kartick_education_server\\logger\\winston\\successes\\PHU-2024-01-05-22-success.log",
            "hash": "27fde29b9bd253821ef42e9ee6233288735248a7c1b24eea031913db77c014cd"
        },
        {
            "date": 1704485742417,
            "name": "D:\\programming hero\\INTERSHIP\\ronjit\\eductaion\\kartick_education_server\\logger\\winston\\successes\\PHU-2024-01-06-02-success.log",
            "hash": "75558ed368178c1bea3bcadebfa6333d71382c9d73a38f582d4d88546e4ca56c"
        },
        {
            "date": 1704488601348,
            "name": "D:\\programming hero\\INTERSHIP\\ronjit\\eductaion\\kartick_education_server\\logger\\winston\\successes\\PHU-2024-01-06-03-success.log",
            "hash": "4197803fef88d9bc8a3e0a8c2ce631bc727980d8dbc7efdc1a2a91a38f66d914"
        },
        {
            "date": 1704494488814,
            "name": "D:\\programming hero\\INTERSHIP\\ronjit\\eductaion\\kartick_education_server\\logger\\winston\\successes\\PHU-2024-01-06-04-success.log",
            "hash": "cbd64f737378dcf0080a405903c291098c77700954033f44b1f64b68f505b798"
        },
        {
            "date": 1704498036959,
            "name": "D:\\programming hero\\INTERSHIP\\ronjit\\eductaion\\kartick_education_server\\logger\\winston\\successes\\PHU-2024-01-06-05-success.log",
            "hash": "e429aa0c5baea391218dea994b2e6657fad469ea16159c43a9b3c339bd5e0d4d"
        },
        {
            "date": 1704500420898,
            "name": "D:\\programming hero\\INTERSHIP\\ronjit\\eductaion\\kartick_education_server\\logger\\winston\\successes\\PHU-2024-01-06-06-success.log",
            "hash": "ba0bd4c0fa634f1d485cd88472c51394a255a134d680cc971c6a6693ce314334"
        },
        {
            "date": 1704504591670,
            "name": "D:\\programming hero\\INTERSHIP\\ronjit\\eductaion\\kartick_education_server\\logger\\winston\\successes\\PHU-2024-01-06-07-success.log",
            "hash": "fcadb380037f3ddea2bcb052ac7d422b6b6b8cb24037ff9557e49463e96bffa6"
        },
        {
            "date": 1704506685510,
            "name": "D:\\programming hero\\INTERSHIP\\ronjit\\eductaion\\kartick_education_server\\logger\\winston\\successes\\PHU-2024-01-06-08-success.log",
            "hash": "4e92060833920693c78b13ae535dac6adb4d94c26c90e405785fc8928dfd2c41"
        },
        {
            "date": 1704512601715,
            "name": "D:\\programming hero\\INTERSHIP\\ronjit\\eductaion\\kartick_education_server\\logger\\winston\\successes\\PHU-2024-01-06-09-success.log",
            "hash": "c832d32f2a2e0df6afe3536ee61419974508bdf53c1604d1ebd42535c9a5f5d7"
        },
        {
            "date": 1704513744816,
            "name": "D:\\programming hero\\INTERSHIP\\ronjit\\eductaion\\kartick_education_server\\logger\\winston\\successes\\PHU-2024-01-06-10-success.log",
            "hash": "cd0b92b968b41a1a7ca75e6d7a5f502efd7bc922648cab5d3da4e04d6e87031f"
        }
    ],
    "hashType": "sha256"
}