{
    "keep": {
        "days": true,
        "amount": 14
    },
    "auditLog": "D:\\programming hero\\INTERSHIP\\ronjit\\eductaion\\kartick_education_server\\logger\\winston\\errors\\.8e33de65eb6aca83d5321cc5021ce23625031802-audit.json",
    "files": [
        {
            "date": 1704174890926,
            "name": "D:\\programming hero\\INTERSHIP\\ronjit\\eductaion\\kartick_education_server\\logger\\winston\\errors\\PHU-2024-01-02-11-error.log",
            "hash": "391e9703d1cc9e0106cfc354a899807d148701505aed523b72b21471a02af508"
        },
        {
            "date": 1704175472094,
            "name": "D:\\programming hero\\INTERSHIP\\ronjit\\eductaion\\kartick_education_server\\logger\\winston\\errors\\PHU-2024-01-02-12-error.log",
            "hash": "514abd55d3b3fdc456b8f7ae4696432cb13b4c8014a1e30a6ad34802faee889b"
        },
        {
            "date": 1704202965057,
            "name": "D:\\programming hero\\INTERSHIP\\ronjit\\eductaion\\kartick_education_server\\logger\\winston\\errors\\PHU-2024-01-02-19-error.log",
            "hash": "d5bf9b15c3d14689b30750695489e8eec98ed7d4c3b94394616a038ce7135ae4"
        },
        {
            "date": 1704227860193,
            "name": "D:\\programming hero\\INTERSHIP\\ronjit\\eductaion\\kartick_education_server\\logger\\winston\\errors\\PHU-2024-01-03-02-error.log",
            "hash": "ce84074a365389ab4cdc098747f2128c96c42ea064487cb91e75d89259a3512a"
        },
        {
            "date": 1704282804917,
            "name": "D:\\programming hero\\INTERSHIP\\ronjit\\eductaion\\kartick_education_server\\logger\\winston\\errors\\PHU-2024-01-03-17-error.log",
            "hash": "8f01bca9623533a21370fc6f5ad764549fd2a3222bd2c9a5e5f42e8d2d5c4fe1"
        },
        {
            "date": 1704360629291,
            "name": "D:\\programming hero\\INTERSHIP\\ronjit\\eductaion\\kartick_education_server\\logger\\winston\\errors\\PHU-2024-01-04-15-error.log",
            "hash": "59fd3078699fc5e29cc3cbafbf8f4b8e805d18ee2fa6511dda6ce7a2a79aeb4c"
        },
        {
            "date": 1704371478087,
            "name": "D:\\programming hero\\INTERSHIP\\ronjit\\eductaion\\kartick_education_server\\logger\\winston\\errors\\PHU-2024-01-04-18-error.log",
            "hash": "a4ec2436c0b5b40f218bd98e6daa1ea305a9b471bf07c4144cfe12a27d257eac"
        },
        {
            "date": 1704378007191,
            "name": "D:\\programming hero\\INTERSHIP\\ronjit\\eductaion\\kartick_education_server\\logger\\winston\\errors\\PHU-2024-01-04-20-error.log",
            "hash": "bc51f9c8cea42d55220eb18e618bdd11920df14c24b18737e60ce292a88f080e"
        },
        {
            "date": 1704406860438,
            "name": "D:\\programming hero\\INTERSHIP\\ronjit\\eductaion\\kartick_education_server\\logger\\winston\\errors\\PHU-2024-01-05-04-error.log",
            "hash": "c9ca60448050d77deb6c0028e66fe3c940f1ca8091c6139484321a5d85df12b8"
        },
        {
            "date": 1704409277841,
            "name": "D:\\programming hero\\INTERSHIP\\ronjit\\eductaion\\kartick_education_server\\logger\\winston\\errors\\PHU-2024-01-05-05-error.log",
            "hash": "83089c9cdd2d81212a2508188d69b73365cb34787bdaa27f2ff9785ac9f0826d"
        },
        {
            "date": 1704465039413,
            "name": "D:\\programming hero\\INTERSHIP\\ronjit\\eductaion\\kartick_education_server\\logger\\winston\\errors\\PHU-2024-01-05-20-error.log",
            "hash": "11d13cfd8f1f641cda405a436aa101839dbbe1774091514e675080dbc159e821"
        },
        {
            "date": 1704467230076,
            "name": "D:\\programming hero\\INTERSHIP\\ronjit\\eductaion\\kartick_education_server\\logger\\winston\\errors\\PHU-2024-01-05-21-error.log",
            "hash": "0a39f759f841b241def2bbe05c05fe0084ad60852b16e9b8c30050fcf1e0a0eb"
        },
        {
            "date": 1704472553970,
            "name": "D:\\programming hero\\INTERSHIP\\ronjit\\eductaion\\kartick_education_server\\logger\\winston\\errors\\PHU-2024-01-05-22-error.log",
            "hash": "673fc5070bcaa7c8bc22e7c33f6726ba989e918de1b85eeb2d7ec77a21112c25"
        },
        {
            "date": 1704485742424,
            "name": "D:\\programming hero\\INTERSHIP\\ronjit\\eductaion\\kartick_education_server\\logger\\winston\\errors\\PHU-2024-01-06-02-error.log",
            "hash": "8119a1de978104f98cf1bde9d957191a4d894a06994e6be1646a405dce63cf5d"
        },
        {
            "date": 1704488601358,
            "name": "D:\\programming hero\\INTERSHIP\\ronjit\\eductaion\\kartick_education_server\\logger\\winston\\errors\\PHU-2024-01-06-03-error.log",
            "hash": "e1e6df463e4b6d7c64033f5a1b16613e9aea068b8b56b65ba3a66fc44b66c73c"
        },
        {
            "date": 1704494488820,
            "name": "D:\\programming hero\\INTERSHIP\\ronjit\\eductaion\\kartick_education_server\\logger\\winston\\errors\\PHU-2024-01-06-04-error.log",
            "hash": "98d216ac1e58a0f9556d3ddc1b8aca7d358322aaddd6afd85a56dc01a23e9a33"
        },
        {
            "date": 1704498036964,
            "name": "D:\\programming hero\\INTERSHIP\\ronjit\\eductaion\\kartick_education_server\\logger\\winston\\errors\\PHU-2024-01-06-05-error.log",
            "hash": "02b91950fd94bbc7d049e35ab32b0561832faedc688e8670bab62c77acb71703"
        },
        {
            "date": 1704500420903,
            "name": "D:\\programming hero\\INTERSHIP\\ronjit\\eductaion\\kartick_education_server\\logger\\winston\\errors\\PHU-2024-01-06-06-error.log",
            "hash": "8320056866df2b4b951c3eadd964c0ce8b392cc89beca1953d3edcab0a3cac39"
        },
        {
            "date": 1704504591676,
            "name": "D:\\programming hero\\INTERSHIP\\ronjit\\eductaion\\kartick_education_server\\logger\\winston\\errors\\PHU-2024-01-06-07-error.log",
            "hash": "a1e4b2e2d5414638ab9dfc5618035ba9e8c7c24270bd652e1398fdde544ebec8"
        },
        {
            "date": 1704506685515,
            "name": "D:\\programming hero\\INTERSHIP\\ronjit\\eductaion\\kartick_education_server\\logger\\winston\\errors\\PHU-2024-01-06-08-error.log",
            "hash": "eb528f83cecd5e8dca90fb60a679b486fe9852a7f1c8afbbb555694d27711ba4"
        },
        {
            "date": 1704512601720,
            "name": "D:\\programming hero\\INTERSHIP\\ronjit\\eductaion\\kartick_education_server\\logger\\winston\\errors\\PHU-2024-01-06-09-error.log",
            "hash": "675443e4c2aa32e32f8acb4765ecee40e696beba9719788c76a0bfc3c45c046f"
        },
        {
            "date": 1704513744828,
            "name": "D:\\programming hero\\INTERSHIP\\ronjit\\eductaion\\kartick_education_server\\logger\\winston\\errors\\PHU-2024-01-06-10-error.log",
            "hash": "88990ccf024530270f22568dfaad152e7ec92faad36f56bc3cf12b1e0da9c3fd"
        },
        {
            "date": 1704517498906,
            "name": "D:\\programming hero\\INTERSHIP\\ronjit\\eductaion\\kartick_education_server\\logger\\winston\\errors\\PHU-2024-01-06-11-error.log",
            "hash": "7befd3d80402f346f5b375832024561bc801178838bc9540de0c335164ca1a3e"
        },
        {
            "date": 1704523172375,
            "name": "D:\\programming hero\\INTERSHIP\\ronjit\\eductaion\\kartick_education_server\\logger\\winston\\errors\\PHU-2024-01-06-12-error.log",
            "hash": "fe5ad91e14ca89f61f1c810484efad596130c08a99313bddf6841ff1a6b6965d"
        },
        {
            "date": 1704561985393,
            "name": "D:\\programming hero\\INTERSHIP\\ronjit\\eductaion\\kartick_education_server\\logger\\winston\\errors\\PHU-2024-01-06-23-error.log",
            "hash": "1ea0d46ffc5bd1a0645351a60b0007dd0fad05a75123c231edab31e0f57260ba"
        },
        {
            "date": 1704564191379,
            "name": "D:\\programming hero\\INTERSHIP\\ronjit\\eductaion\\kartick_education_server\\logger\\winston\\errors\\PHU-2024-01-07-00-error.log",
            "hash": "7b39febab53f83cb7b731505b46ed272de685dca480ddc2e8cab7245aa1349b6"
        },
        {
            "date": 1704567648939,
            "name": "D:\\programming hero\\INTERSHIP\\ronjit\\eductaion\\kartick_education_server\\logger\\winston\\errors\\PHU-2024-01-07-01-error.log",
            "hash": "ec4d2d0dddf1739f7567eb56f0bdf6a47d91f29b394bb3a01204bdc28aaa8eb8"
        },
        {
            "date": 1704578714900,
            "name": "D:\\programming hero\\INTERSHIP\\ronjit\\eductaion\\kartick_education_server\\logger\\winston\\errors\\PHU-2024-01-07-04-error.log",
            "hash": "bbb1acdf119b9d85d6e85c512e0bf22a98812e7f5f6c1d3959dfc13f60be6eb0"
        },
        {
            "date": 1704585092733,
            "name": "D:\\programming hero\\INTERSHIP\\ronjit\\eductaion\\kartick_education_server\\logger\\winston\\errors\\PHU-2024-01-07-05-error.log",
            "hash": "63a5a2938f55c4f93141a4460333aeaa922728ea261a02ee39a0bd8e5f434876"
        },
        {
            "date": 1704585608356,
            "name": "D:\\programming hero\\INTERSHIP\\ronjit\\eductaion\\kartick_education_server\\logger\\winston\\errors\\PHU-2024-01-07-06-error.log",
            "hash": "a1824787dc92ff053159fedd2736b512d5632e31a91584c11242285e5a0ff269"
        },
        {
            "date": 1704591115000,
            "name": "D:\\programming hero\\INTERSHIP\\ronjit\\eductaion\\kartick_education_server\\logger\\winston\\errors\\PHU-2024-01-07-07-error.log",
            "hash": "fce6aa1a83fb7d0a16fd9161945cdc484a41afbef11c98a13d976977afbdd672"
        },
        {
            "date": 1704593382932,
            "name": "D:\\programming hero\\INTERSHIP\\ronjit\\eductaion\\kartick_education_server\\logger\\winston\\errors\\PHU-2024-01-07-08-error.log",
            "hash": "7c27bea6249881b691617a9b646e455ad5c1b9ff50ef28c7aecbd6a3d4092db9"
        },
        {
            "date": 1704600274697,
            "name": "D:\\programming hero\\INTERSHIP\\ronjit\\eductaion\\kartick_education_server\\logger\\winston\\errors\\PHU-2024-01-07-10-error.log",
            "hash": "0a5c5b7bd65592bb5da17778e3ae58525627990307e7db285b1b2e5406cc7d1e"
        },
        {
            "date": 1704604506662,
            "name": "D:\\programming hero\\INTERSHIP\\ronjit\\eductaion\\kartick_education_server\\logger\\winston\\errors\\PHU-2024-01-07-11-error.log",
            "hash": "6ceca83d1c54f7d342c12b4c870e7bde4664e50b3160150ba205e30e97181cd6"
        },
        {
            "date": 1704608592071,
            "name": "D:\\programming hero\\INTERSHIP\\ronjit\\eductaion\\kartick_education_server\\logger\\winston\\errors\\PHU-2024-01-07-12-error.log",
            "hash": "03e369517563c0dc264dd4af7f2cab36735c15a262b501bb0419bcac177a5b73"
        }
    ],
    "hashType": "sha256"
}