{
    "keep": {
        "days": true,
        "amount": 14
    },
    "auditLog": "D:\\programming hero\\INTERSHIP\\ronjit\\eductaion\\kartick_education_server\\logger\\winston\\errors\\.8e33de65eb6aca83d5321cc5021ce23625031802-audit.json",
    "files": [
        {
            "date": 1704174890926,
            "name": "D:\\programming hero\\INTERSHIP\\ronjit\\eductaion\\kartick_education_server\\logger\\winston\\errors\\PHU-2024-01-02-11-error.log",
            "hash": "391e9703d1cc9e0106cfc354a899807d148701505aed523b72b21471a02af508"
        }
    ],
    "hashType": "sha256"
}